[{"year": "1912", "race": "100m", "Time": "0.176666666666667", "Distance": "0.1"}, {"year": "1921", "race": "100m", "Time": "0.173333333333333", "Distance": "0.1"}, {"year": "1930", "race": "100m", "Time": "0.171666666666667", "Distance": "0.1"}, {"year": "1936", "race": "100m", "Time": "0.17", "Distance": "0.1"}, {"year": "1956", "race": "100m", "Time": "0.168333333333333", "Distance": "0.1"}, {"year": "1960", "race": "100m", "Time": "0.166666666666667", "Distance": "0.1"}, {"year": "1968", "race": "100m", "Time": "0.165833333333333", "Distance": "0.1"}, {"year": "1983", "race": "100m", "Time": "0.1655", "Distance": "0.1"}, {"year": "1988", "race": "100m", "Time": "0.165333333333333", "Distance": "0.1"}, {"year": "1991", "race": "100m", "Time": "0.165", "Distance": "0.1"}, {"year": "1991", "race": "100m", "Time": "0.164333333333333", "Distance": "0.1"}, {"year": "1994", "race": "100m", "Time": "0.164166666666667", "Distance": "0.1"}, {"year": "1996", "race": "100m", "Time": "0.164", "Distance": "0.1"}, {"year": "1999", "race": "100m", "Time": "0.163166666666667", "Distance": "0.1"}, {"year": "2005", "race": "100m", "Time": "0.162833333333333", "Distance": "0.1"}, {"year": "2007", "race": "100m", "Time": "0.162333333333333", "Distance": "0.1"}, {"year": "2008", "race": "100m", "Time": "0.162", "Distance": "0.1"}, {"year": "2008", "race": "100m", "Time": "0.1615", "Distance": "0.1"}, {"year": "1914", "race": "200m", "Time": "0.353333333333333", "Distance": "0.2"}, {"year": "1951", "race": "200m", "Time": "0.343333333333333", "Distance": "0.2"}, {"year": "1960", "race": "200m", "Time": "0.341666666666667", "Distance": "0.2"}, {"year": "1963", "race": "200m", "Time": "0.338333333333333", "Distance": "0.2"}, {"year": "1964", "race": "200m", "Time": "0.336666666666667", "Distance": "0.2"}, {"year": "1968", "race": "200m", "Time": "0.333333333333333", "Distance": "0.2"}, {"year": "1968", "race": "200m", "Time": "0.33", "Distance": "0.2"}, {"year": "1979", "race": "200m", "Time": "0.328666666666667", "Distance": "0.2"}, {"year": "1996", "race": "200m", "Time": "0.327666666666667", "Distance": "0.2"}, {"year": "1996", "race": "200m", "Time": "0.322", "Distance": "0.2"}, {"year": "2008", "race": "200m", "Time": "0.321666666666667", "Distance": "0.2"}, {"year": "1999", "race": "400m", "Time": "0.719666666666667", "Distance": "0.4"}, {"year": "1988", "race": "400m", "Time": "0.7215", "Distance": "0.4"}, {"year": "1968", "race": "400m", "Time": "0.731", "Distance": "0.4"}, {"year": "1968", "race": "400m", "Time": "0.735", "Distance": "0.4"}, {"year": "1967", "race": "400m", "Time": "0.741666666666667", "Distance": "0.4"}, {"year": "1964", "race": "400m", "Time": "0.748333333333333", "Distance": "0.4"}, {"year": "1956", "race": "400m", "Time": "0.753333333333333", "Distance": "0.4"}, {"year": "1955", "race": "400m", "Time": "0.756666666666667", "Distance": "0.4"}, {"year": "1950", "race": "400m", "Time": "0.763333333333333", "Distance": "0.4"}, {"year": "1948", "race": "400m", "Time": "0.766666666666667", "Distance": "0.4"}, {"year": "1947", "race": "400m", "Time": "0.77", "Distance": "0.4"}, {"year": "1941", "race": "400m", "Time": "0.766666666666667", "Distance": "0.4"}, {"year": "1936", "race": "400m", "Time": "0.768333333333333", "Distance": "0.4"}, {"year": "1932", "race": "400m", "Time": "0.77", "Distance": "0.4"}, {"year": "1932", "race": "400m", "Time": "0.773333333333333", "Distance": "0.4"}, {"year": "1928", "race": "400m", "Time": "0.783333333333333", "Distance": "0.4"}, {"year": "1916", "race": "400m", "Time": "0.79", "Distance": "0.4"}, {"year": "1900", "race": "400m", "Time": "0.796666666666667", "Distance": "0.4"}, {"year": "1997", "race": "800m", "Time": "1.68516666666667", "Distance": "0.8"}, {"year": "1997", "race": "800m", "Time": "1.68733333333333", "Distance": "0.8"}, {"year": "1997", "race": "800m", "Time": "1.6955", "Distance": "0.8"}, {"year": "1979", "race": "800m", "Time": "1.7055", "Distance": "0.8"}, {"year": "1977", "race": "800m", "Time": "1.724", "Distance": "0.8"}, {"year": "1976", "race": "800m", "Time": "1.725", "Distance": "0.8"}, {"year": "1974", "race": "800m", "Time": "1.735", "Distance": "0.8"}, {"year": "1973", "race": "800m", "Time": "1.72833333333333", "Distance": "0.8"}, {"year": "1973", "race": "800m", "Time": "1.74333333333333", "Distance": "0.8"}, {"year": "1972", "race": "800m", "Time": "1.73833333333333", "Distance": "0.8"}, {"year": "1955", "race": "800m", "Time": "1.76166666666667", "Distance": "0.8"}, {"year": "1939", "race": "800m", "Time": "1.77666666666667", "Distance": "0.8"}, {"year": "1938", "race": "800m", "Time": "1.80666666666667", "Distance": "0.8"}, {"year": "1937", "race": "800m", "Time": "1.82666666666667", "Distance": "0.8"}, {"year": "1936", "race": "800m", "Time": "1.82833333333333", "Distance": "0.8"}, {"year": "1934", "race": "800m", "Time": "1.83", "Distance": "0.8"}, {"year": "1928", "race": "800m", "Time": "1.84333333333333", "Distance": "0.8"}, {"year": "1926", "race": "800m", "Time": "1.86", "Distance": "0.8"}, {"year": "1912", "race": "800m", "Time": "1.865", "Distance": "0.8"}, {"year": "1912", "race": "1500m", "Time": "3.94666666666667", "Distance": "1.5"}, {"year": "1912", "race": "1500m", "Time": "3.93", "Distance": "1.5"}, {"year": "1917", "race": "1500m", "Time": "3.91166666666667", "Distance": "1.5"}, {"year": "1923", "race": "1500m", "Time": "3.88333333333333", "Distance": "1.5"}, {"year": "1924", "race": "1500m", "Time": "3.87666666666667", "Distance": "1.5"}, {"year": "1926", "race": "1500m", "Time": "3.85", "Distance": "1.5"}, {"year": "1930", "race": "1500m", "Time": "3.82", "Distance": "1.5"}, {"year": "1933", "race": "1500m", "Time": "3.81666666666667", "Distance": "1.5"}, {"year": "1934", "race": "1500m", "Time": "3.81333333333333", "Distance": "1.5"}, {"year": "1936", "race": "1500m", "Time": "3.79666666666667", "Distance": "1.5"}, {"year": "1941", "race": "1500m", "Time": "3.79166666666667", "Distance": "1.5"}, {"year": "1942", "race": "1500m", "Time": "3.76333333333333", "Distance": "1.5"}, {"year": "1943", "race": "1500m", "Time": "3.74833333333333", "Distance": "1.5"}, {"year": "1944", "race": "1500m", "Time": "3.71666666666667", "Distance": "1.5"}, {"year": "1954", "race": "1500m", "Time": "3.71333333333333", "Distance": "1.5"}, {"year": "1954", "race": "1500m", "Time": "3.69666666666667", "Distance": "1.5"}, {"year": "1955", "race": "1500m", "Time": "3.68", "Distance": "1.5"}, {"year": "1956", "race": "1500m", "Time": "3.67666666666667", "Distance": "1.5"}, {"year": "1957", "race": "1500m", "Time": "3.67", "Distance": "1.5"}, {"year": "1957", "race": "1500m", "Time": "3.635", "Distance": "1.5"}, {"year": "1958", "race": "1500m", "Time": "3.6", "Distance": "1.5"}, {"year": "1960", "race": "1500m", "Time": "3.59333333333333", "Distance": "1.5"}, {"year": "1967", "race": "1500m", "Time": "3.55166666666667", "Distance": "1.5"}, {"year": "1974", "race": "1500m", "Time": "3.536", "Distance": "1.5"}, {"year": "1979", "race": "1500m", "Time": "3.53383333333333", "Distance": "1.5"}, {"year": "1980", "race": "1500m", "Time": "3.53483333333333", "Distance": "1.5"}, {"year": "1980", "race": "1500m", "Time": "3.52266666666667", "Distance": "1.5"}, {"year": "1983", "race": "1500m", "Time": "3.52066666666667", "Distance": "1.5"}, {"year": "1983", "race": "1500m", "Time": "3.51283333333333", "Distance": "1.5"}, {"year": "1985", "race": "1500m", "Time": "3.4945", "Distance": "1.5"}, {"year": "1985", "race": "1500m", "Time": "3.491", "Distance": "1.5"}, {"year": "1992", "race": "1500m", "Time": "3.481", "Distance": "1.5"}, {"year": "1995", "race": "1500m", "Time": "3.45616666666667", "Distance": "1.5"}, {"year": "1998", "race": "1500m", "Time": "3.43333333333333", "Distance": "1.5"}, {"year": "1913", "race": "Mile", "Time": "4.24", "Distance": "1.6093"}, {"year": "1915", "race": "Mile", "Time": "4.21", "Distance": "1.6093"}, {"year": "1923", "race": "Mile", "Time": "4.17333333333333", "Distance": "1.6093"}, {"year": "1931", "race": "Mile", "Time": "4.15333333333333", "Distance": "1.6093"}, {"year": "1933", "race": "Mile", "Time": "4.12666666666667", "Distance": "1.6093"}, {"year": "1934", "race": "Mile", "Time": "4.11166666666667", "Distance": "1.6093"}, {"year": "1937", "race": "Mile", "Time": "4.10666666666667", "Distance": "1.6093"}, {"year": "1942", "race": "Mile", "Time": "4.10166666666667", "Distance": "1.6093"}, {"year": "1942", "race": "Mile", "Time": "4.10333333333333", "Distance": "1.6093"}, {"year": "1942", "race": "Mile", "Time": "4.07666666666667", "Distance": "1.6093"}, {"year": "1943", "race": "Mile", "Time": "4.04333333333333", "Distance": "1.6093"}, {"year": "1944", "race": "Mile", "Time": "4.02666666666667", "Distance": "1.6093"}, {"year": "1945", "race": "Mile", "Time": "4.02166666666667", "Distance": "1.6093"}, {"year": "1954", "race": "Mile", "Time": "3.99", "Distance": "1.6093"}, {"year": "1954", "race": "Mile", "Time": "3.965", "Distance": "1.6093"}, {"year": "1957", "race": "Mile", "Time": "3.95333333333333", "Distance": "1.6093"}, {"year": "1958", "race": "Mile", "Time": "3.90833333333333", "Distance": "1.6093"}, {"year": "1962", "race": "Mile", "Time": "3.90666666666667", "Distance": "1.6093"}, {"year": "1964", "race": "Mile", "Time": "3.9005", "Distance": "1.6093"}, {"year": "1965", "race": "Mile", "Time": "3.89333333333333", "Distance": "1.6093"}, {"year": "1966", "race": "Mile", "Time": "3.855", "Distance": "1.6093"}, {"year": "1967", "race": "Mile", "Time": "3.85166666666667", "Distance": "1.6093"}, {"year": "1975", "race": "Mile", "Time": "3.85", "Distance": "1.6093"}, {"year": "1975", "race": "Mile", "Time": "3.82333333333333", "Distance": "1.6093"}, {"year": "1979", "race": "Mile", "Time": "3.81583333333333", "Distance": "1.6093"}, {"year": "1980", "race": "Mile", "Time": "3.81333333333333", "Distance": "1.6093"}, {"year": "1981", "race": "Mile", "Time": "3.80883333333333", "Distance": "1.6093"}, {"year": "1981", "race": "Mile", "Time": "3.80666666666667", "Distance": "1.6093"}, {"year": "1981", "race": "Mile", "Time": "3.78883333333333", "Distance": "1.6093"}, {"year": "1985", "race": "Mile", "Time": "3.772", "Distance": "1.6093"}, {"year": "1993", "race": "Mile", "Time": "3.73983333333333", "Distance": "1.6093"}, {"year": "1999", "race": "Mile", "Time": "3.71883333333333", "Distance": "1.6093"}, {"year": "1912", "race": "3000m", "Time": "8.77666666666667", "Distance": "3"}, {"year": "1912", "race": "3000m", "Time": "8.61333333333333", "Distance": "3"}, {"year": "1917", "race": "3000m", "Time": "8.595", "Distance": "3"}, {"year": "1918", "race": "3000m", "Time": "8.58", "Distance": "3"}, {"year": "1918", "race": "3000m", "Time": "8.55166666666667", "Distance": "3"}, {"year": "1922", "race": "3000m", "Time": "8.47666666666667", "Distance": "3"}, {"year": "1923", "race": "3000m", "Time": "8.46333333333333", "Distance": "3"}, {"year": "1925", "race": "3000m", "Time": "8.45833333333333", "Distance": "3"}, {"year": "1926", "race": "3000m", "Time": "8.42333333333333", "Distance": "3"}, {"year": "1926", "race": "3000m", "Time": "8.34", "Distance": "3"}, {"year": "1932", "race": "3000m", "Time": "8.31333333333333", "Distance": "3"}, {"year": "1934", "race": "3000m", "Time": "8.30666666666667", "Distance": "3"}, {"year": "1936", "race": "3000m", "Time": "8.24666666666667", "Distance": "3"}, {"year": "1940", "race": "3000m", "Time": "8.15", "Distance": "3"}, {"year": "1942", "race": "3000m", "Time": "8.02", "Distance": "3"}, {"year": "1949", "race": "3000m", "Time": "7.97833333333333", "Distance": "3"}, {"year": "1955", "race": "3000m", "Time": "7.92666666666667", "Distance": "3"}, {"year": "1956", "race": "3000m", "Time": "7.925", "Distance": "3"}]